,time_sec,time_hms,bus_lat,bus_lon,train_lat,train_lon,bus_trip_id_at_time,train_trip_id_at_time
0,33720,09:22:00,49.699244,20.42058,50.079505464,19.847534368,28446351_7953,2024_2025_813469
1,33750,09:22:30,49.70053725,20.419994000000003,50.08014793125,19.851153418750002,28446351_7953,2024_2025_813469
2,33780,09:23:00,49.7018305,20.419408,50.080776150000005,19.853987449999998,28446351_7953,2024_2025_813469
3,33810,09:23:30,49.70312375,20.418822,50.08140436875,19.856821481249998,28446351_7953,2024_2025_813469
4,33840,09:24:00,49.704417,20.418236,50.08184788709678,19.860675848387096,28446351_7953,2024_2025_813469
5,33870,09:24:30,49.7048235,20.42082275,50.08201435483871,19.866060719354838,28446351_7953,2024_2025_813469
6,33900,09:25:00,49.70523,20.423409499999998,50.082180822580646,19.87144559032258,28446351_7953,2024_2025_813469
7,33930,09:25:30,49.7056365,20.42599625,50.08234729032258,19.87683046129032,28446351_7953,2024_2025_813469
8,33960,09:26:00,49.706043,20.428583,50.082513758064515,19.882215332258063,28446351_7953,2024_2025_813469
9,33990,09:26:30,49.7072125,20.426809499999997,50.08268022580645,19.887600203225805,28446351_7953,2024_2025_813469
10,34020,09:27:00,49.708382,20.425036,50.082777112,19.89292174,28446351_7953,2024_2025_813469
11,34050,09:27:30,49.710654500000004,20.4231775,50.082595672,19.89798994,28446351_7953,2024_2025_813469
12,34080,09:28:00,49.712927,20.421319,50.082414232,19.90305814,28446351_7953,2024_2025_813469
13,34110,09:28:30,49.714047,20.4195655,50.082232792,19.90812634,28446351_7953,2024_2025_813469
14,34140,09:29:00,49.715167,20.417812,50.082051352,19.91319454,28446351_7953,2024_2025_813469
15,34170,09:29:30,49.715901,20.416354,50.08161247173913,19.917906804347826,28446351_7953,2024_2025_813469
16,34200,09:30:00,49.716635,20.414896,50.08014383043478,19.921195326086956,28446351_7953,2024_2025_813469
17,34230,09:30:30,49.7182585,20.4118055,50.078675189130436,19.924483847826085,28446351_7953,2024_2025_813469
18,34260,09:31:00,49.719882,20.408715,50.07720654782609,19.92777236956522,28446351_7953,2024_2025_813469
19,34290,09:31:30,49.72072,20.4072055,50.07573790652174,19.931060891304348,28446351_7953,2024_2025_813469
20,34320,09:32:00,49.721558,20.405696,50.07426926521739,19.934349413043478,28446351_7953,2024_2025_813469
21,34350,09:32:30,49.7209615,20.40072275,50.07280062391304,19.937637934782607,28446351_7953,2024_2025_813469
22,34380,09:33:00,49.720365,20.3957495,50.0713319826087,19.94092645652174,28446351_7953,2024_2025_813469
23,34410,09:33:30,49.7197685,20.39077625,50.06986334130435,19.94421497826087,28446351_7953,2024_2025_813469
24,34440,09:34:00,49.719172,20.385803,50.0683947,19.9475035,28446351_7953,2024_2025_813469
25,34470,09:34:30,49.71987675,20.380543,50.06748964881874,19.9475381315224,28446351_7953,2024_2025_813469
26,34500,09:35:00,49.7205815,20.375283,50.06658459763748,19.9475727630448,28446351_7953,2024_2025_813469
27,34530,09:35:30,49.721286250000006,20.370023,50.065679546456224,19.9476073945672,28446351_7953,2024_2025_813469
28,34560,09:36:00,49.721991,20.364763,50.06477449527497,19.9476420260896,28446351_7953,2024_2025_813469
29,34590,09:36:30,49.72191275,20.361314,50.063869444093704,19.947676657612,28446351_7953,2024_2025_813469
30,34620,09:37:00,49.7218345,20.357865,50.06296439291245,19.9477112891344,28446351_7953,2024_2025_813469
31,34650,09:37:30,49.72175625,20.354416,50.06205934173119,19.9477459206568,28446351_7953,2024_2025_813469
32,34680,09:38:00,49.721678,20.350967,50.06115429054993,19.9477805521792,28446351_7953,2024_2025_813469
33,34710,09:38:30,49.721458999999996,20.3466685,50.06024923936867,19.9478151837016,28446351_7953,2024_2025_813469
34,34740,09:39:00,49.72124,20.34237,50.05934418818742,19.947849815224,28446351_7953,2024_2025_813469
35,34770,09:39:30,49.721776000000006,20.33798025,50.058439137006154,19.9478844467464,28446351_7953,2024_2025_813469
36,34800,09:40:00,49.722312,20.3335905,50.0575340858249,19.9479190782688,28446351_7953,2024_2025_813469
37,34830,09:40:30,49.722848,20.32920075,50.05526021436867,19.9501475587016,28446351_7953,2024_2025_813469
38,34860,09:41:00,49.723384,20.324811,50.05298634291245,19.9523760391344,28446351_7953,2024_2025_813469
39,34890,09:41:30,49.726525,20.324724500000002,50.05071247145622,19.954604519567198,28446351_7953,2024_2025_813469
40,34920,09:42:00,49.729666,20.324638,50.0484386,19.956833,28446351_7953,2024_2025_813469
41,34950,09:42:30,49.730595,20.321736,50.046516585714286,19.95943432857143,28446351_7953,2024_2025_813469
42,34980,09:43:00,49.731524,20.318834,50.04459457142857,19.962035657142856,28446351_7953,2024_2025_813469
43,35010,09:43:30,49.733151,20.314618,50.04267255714286,19.964636985714286,28446351_7953,2024_2025_813469
44,35040,09:44:00,49.734778,20.310402,50.04075054285714,19.967238314285712,28446351_7953,2024_2025_813469
45,35070,09:44:30,49.735562,20.3024785,50.03882852857143,19.969839642857142,28446351_7953,2024_2025_813469
46,35100,09:45:00,49.736346,20.294555,50.03690651428571,19.97244097142857,28446351_7953,2024_2025_813469
47,35130,09:45:30,49.734871,20.289924499999998,50.0349845,19.9750423,28446351_7953,2024_2025_813469
48,35160,09:46:00,49.733396,20.285294,50.03328834,19.9798196,28446351_7953,2024_2025_813469
49,35190,09:46:30,49.731921,20.280663500000003,50.03159218,19.9845969,28446351_7953,2024_2025_813469
50,35220,09:47:00,49.730446,20.276033,50.02989602,19.9893742,28446351_7953,2024_2025_813469
51,35250,09:47:30,49.728094,20.2722305,50.02819986,19.9941515,28446351_7953,2024_2025_813469
52,35280,09:48:00,49.725742,20.268428,50.0265037,19.9989288,28446351_7953,2024_2025_813469
53,35310,09:48:30,49.724616499999996,20.264816500000002,50.02562338333333,20.0040537,28446351_7953,2024_2025_813469
54,35340,09:49:00,49.723491,20.261205,50.024743066666666,20.009178600000002,28446351_7953,2024_2025_813469
55,35370,09:49:30,49.72221425,20.25838775,50.02386275,20.0143035,28446351_7953,2024_2025_813469
56,35400,09:50:00,49.720937500000005,20.2555705,50.02298243333333,20.0194284,28446351_7953,2024_2025_813469
57,35430,09:50:30,49.71966075,20.25275325,50.022102116666666,20.0245533,28446351_7953,2024_2025_813469
58,35460,09:51:00,49.718384,20.249936,50.0212218,20.0296782,28446351_7953,2024_2025_813469
59,35490,09:51:30,49.7208145,20.2447115,50.01916267037037,20.030736533333332,28446351_7953,2024_2025_813469
60,35520,09:52:00,49.723245,20.239487,50.01710354074074,20.031794866666665,28446351_7953,2024_2025_813469
61,35550,09:52:30,49.7246075,20.235232500000002,50.01504441111111,20.0328532,28446351_7953,2024_2025_813469
62,35580,09:53:00,49.72597,20.230978,50.012985281481484,20.033911533333335,28446351_7953,2024_2025_813469
63,35610,09:53:30,49.7263865,20.222588000000002,50.010926151851855,20.034969866666668,28446351_7953,2024_2025_813469
64,35640,09:54:00,49.726803,20.214198,50.008807833333336,20.035528144444445,28446351_7953,2024_2025_813469
65,35670,09:54:30,49.72601,20.2129455,50.00665005555555,20.035753051851852,28446351_7953,2024_2025_813469
66,35700,09:55:00,49.725217,20.211693,50.00449227777778,20.03597795925926,28446351_7953,2024_2025_813469
67,35730,09:55:30,49.7257625,20.205282,50.002334499999996,20.036202866666667,28446351_7953,2024_2025_813469
68,35760,09:56:00,49.726308,20.198871,50.00017672222222,20.036427774074074,28446351_7953,2024_2025_813469
69,35790,09:56:30,49.733862,20.19716,49.99811631428571,20.0370663,28446351_7953,2024_2025_813469
70,35820,09:57:00,49.741416,20.195449,49.99644538571428,20.0393593,28446351_7953,2024_2025_813469
71,35850,09:57:30,49.743553250000005,20.1933325,49.99477445714285,20.041652300000003,28446351_7953,2024_2025_813469
72,35880,09:58:00,49.7456905,20.191216,49.993103528571424,20.0439453,28446351_7953,2024_2025_813469
73,35910,09:58:30,49.74782775,20.1890995,49.991432599999996,20.0462383,28446351_7953,2024_2025_813469
74,35940,09:59:00,49.749965,20.186983,49.989761671428575,20.0485313,28446351_7953,2024_2025_813469
75,35970,09:59:30,49.75094625,20.18471175,49.98852541666667,20.05064725,28446351_7953,2024_2025_813469
76,36000,10:00:00,49.7519275,20.1824405,49.987578944444444,20.052645166666668,28446351_7953,2024_2025_813469
77,36030,10:00:30,49.75290875,20.18016925,49.986632472222226,20.054643083333332,28446351_7953,2024_2025_813469
78,36060,10:01:00,49.75389,20.177898,49.985686,20.056641,28446351_7953,2024_2025_813469
79,36090,10:01:30,49.75388775,20.174427,49.988348775,20.048665384375,28446351_7953,2024_2025_813469
80,36120,10:02:00,49.753885499999996,20.170956,49.99101155,20.04068976875,28446351_7953,2024_2025_813469
81,36150,10:02:30,49.75388325,20.167485,49.993674325,20.032714153125,28446351_7953,2024_2025_813469
82,36180,10:03:00,49.753881,20.164014,49.9963371,20.0247385375,28446351_7953,2024_2025_813469
83,36210,10:03:30,49.754271333333335,20.158391666666667,49.998999875,20.016762921875,28446351_7953,2024_2025_813469
84,36240,10:04:00,49.754661666666664,20.152769333333335,50.00166265,20.00878730625,28446351_7953,2024_2025_813469
85,36270,10:04:30,49.755052,20.147147,50.004325425,20.000811690625,28446351_7953,2024_2025_813469
86,36300,10:05:00,49.755442333333335,20.141524666666665,50.0069882,19.992836075,28446351_7953,2024_2025_813469
87,36330,10:05:30,49.75583266666666,20.135902333333334,50.009650975,19.984860459375,28446351_7953,2024_2025_813469
88,36360,10:06:00,49.756223,20.13028,50.01231375,19.97688484375,28446351_7953,2024_2025_813469
89,36390,10:06:30,49.760065999999995,20.1254425,50.014976525,19.968909228125,28446351_7953,2024_2025_813469
90,36420,10:07:00,49.763909,20.120605,50.0176393,19.9609336125,28446351_7953,2024_2025_813469
91,36450,10:07:30,49.766042999999996,20.1187085,50.020302075,19.952957996875,28446351_7953,2024_2025_813469
92,36480,10:08:00,49.768177,20.116812,50.02296485,19.94498238125,28446351_7953,2024_2025_813469
93,36510,10:08:30,49.771537,20.1155125,50.025627625,19.937006765625,28446351_7953,2024_2025_813469
94,36540,10:09:00,49.774897,20.114213,50.0282904,19.92903115,28446351_7953,2024_2025_813469
95,36570,10:09:30,49.7780155,20.114777,50.030953175,19.921055534375,28446351_7953,2024_2025_813469
96,36600,10:10:00,49.781134,20.115341,50.03361595,19.91307991875,28446351_7953,2024_2025_813469
97,36630,10:10:30,49.7842525,20.115904999999998,50.036278725,19.905104303125,28446351_7953,2024_2025_813469
98,36660,10:11:00,49.787371,20.116469,50.0389415,19.8971286875,28446351_7953,2024_2025_813469
99,36690,10:11:30,49.792994,20.118311,50.041604275,19.889153071875,28446351_7953,2024_2025_813469
100,36720,10:12:00,49.798617,20.120153,50.04426705,19.88117745625,28446351_7953,2024_2025_813469
101,36750,10:12:30,49.801246500000005,20.120897999999997,50.046929825,19.873201840625,28446351_7953,2024_2025_813469
102,36780,10:13:00,49.803876,20.121643,50.0495926,19.865226225,28446351_7953,2024_2025_813469
103,36810,10:13:30,49.806386,20.120959,50.052255375,19.857250609375,28446351_7953,2024_2025_813469
104,36840,10:14:00,49.808896,20.120275,50.05491815,19.84927499375,28446351_7953,2024_2025_813469
105,36870,10:14:30,49.811181,20.118992499999997,50.057580924999996,19.841299378125,28446351_7953,2024_2025_813469
106,36900,10:15:00,49.813466,20.11771,50.0602437,19.8333237625,28446351_7953,2024_2025_813469
107,36930,10:15:30,49.81607925,20.117544,50.062906475,19.825348146875,28446351_7953,2024_2025_813469
108,36960,10:16:00,49.8186925,20.117378,50.065569249999996,19.81737253125,28446351_7953,2024_2025_813469
109,36990,10:16:30,49.82130574999999,20.117212,50.068232025,19.809396915625,28446351_7953,2024_2025_813469
110,37020,10:17:00,49.823919,20.117046,50.0708948,19.8014213,28446351_7953,2024_2025_1285129
111,37050,10:17:30,49.8264195,20.117148999999998,50.07192387407407,19.80587478148148,28446351_7953,2024_2025_1285129
112,37080,10:18:00,49.82892,20.117252,50.07295294814815,19.810328262962965,28446351_7953,2024_2025_1285129
113,37110,10:18:30,49.83142049999999,20.117355,50.073982022222225,19.814781744444446,28446351_7953,2024_2025_1285129
114,37140,10:19:00,49.833921,20.117458,50.07501109629629,19.819235225925926,28446351_7953,2024_2025_1285129
115,37170,10:19:30,49.837119,20.1173365,50.07604017037037,19.823688707407406,28446351_7953,2024_2025_1285129
116,37200,10:20:00,49.840317,20.117215,50.076850104,19.828348048,28446351_7953,2024_2025_1285129
117,37230,10:20:30,49.843515,20.1170935,50.077513944,19.833144628,28446351_7953,2024_2025_1285129
118,37260,10:21:00,49.846713,20.116972,50.078177784,19.837941208,28446351_7953,2024_2025_1285129
119,37290,10:21:30,49.84901375,20.11746675,50.078841624,19.842737788,28446351_7953,2024_2025_1285129
120,37320,10:22:00,49.8513145,20.1179615,50.079505464,19.847534368,28446351_7953,2024_2025_1285129
121,37350,10:22:30,49.853615250000004,20.11845625,50.08014793125,19.851153418750002,28446351_7953,2024_2025_1285129
122,37380,10:23:00,49.855916,20.118951,50.080776150000005,19.853987449999998,28446351_7953,2024_2025_1285129
123,37410,10:23:30,49.858641,20.11818525,50.08140436875,19.856821481249998,28446351_7953,2024_2025_1285129
124,37440,10:24:00,49.861366000000004,20.1174195,50.08184788709678,19.860675848387096,28446351_7953,2024_2025_1285129
125,37470,10:24:30,49.864091,20.11665375,50.08201435483871,19.866060719354838,28446351_7953,2024_2025_1285129
126,37500,10:25:00,49.866816,20.115888,50.082180822580646,19.87144559032258,28446351_7953,2024_2025_1285129
127,37530,10:25:30,49.871442,20.113356500000002,50.08234729032258,19.87683046129032,28446351_7953,2024_2025_1285129
128,37560,10:26:00,49.876068,20.110825,50.082513758064515,19.882215332258063,28446351_7953,2024_2025_1285129
129,37590,10:26:30,49.8768385,20.1065315,50.08268022580645,19.887600203225805,28446351_7953,2024_2025_1285129
130,37620,10:27:00,49.877609,20.102238,50.082777112,19.89292174,28446351_7953,2024_2025_1285129
131,37650,10:27:30,49.8784235,20.101621,50.082595672,19.89798994,28446351_7953,2024_2025_1285129
132,37680,10:28:00,49.879238,20.101004,50.082414232,19.90305814,28446351_7953,2024_2025_1285129
133,37710,10:28:30,49.8796515,20.0974185,50.082232792,19.90812634,28446351_7953,2024_2025_1285129
134,37740,10:29:00,49.880065,20.093833,50.082051352,19.91319454,28446351_7953,2024_2025_1285129
135,37770,10:29:30,49.880139,20.092083,50.08161247173913,19.917906804347826,28446351_7953,2024_2025_1285129
136,37800,10:30:00,49.880213,20.090333,50.08014383043478,19.921195326086956,28446351_7953,2024_2025_1285129
137,37830,10:30:30,49.880287,20.088583,50.078675189130436,19.924483847826085,28446351_7953,2024_2025_1285129
138,37860,10:31:00,49.880361,20.086833,50.07720654782609,19.92777236956522,28446351_7953,2024_2025_1285129
139,37890,10:31:30,49.88208775,20.085122499999997,50.07573790652174,19.931060891304348,28446351_7953,2024_2025_1285129
140,37920,10:32:00,49.8838145,20.083412,50.07426926521739,19.934349413043478,28446351_7953,2024_2025_1285129
141,37950,10:32:30,49.88554125,20.0817015,50.07280062391304,19.937637934782607,28446351_7953,2024_2025_1285129
142,37980,10:33:00,49.887268,20.079991,50.0713319826087,19.94092645652174,28446351_7953,2024_2025_1285129
143,38010,10:33:30,49.8887265,20.08329425,50.06986334130435,19.94421497826087,28446351_7953,2024_2025_1285129
144,38040,10:34:00,49.890185,20.0865975,50.0683947,19.9475035,28446351_7953,2024_2025_1285129
145,38070,10:34:30,49.8916435,20.089900749999998,50.06748964881874,19.9475381315224,28446351_7953,2024_2025_1285129
146,38100,10:35:00,49.893102,20.093204,50.06658459763748,19.9475727630448,28446351_7953,2024_2025_1285129
147,38130,10:35:30,49.89493,20.0967095,50.065679546456224,19.9476073945672,28446351_7953,2024_2025_1285129
148,38160,10:36:00,49.896758,20.100215,50.06477449527497,19.9476420260896,28446351_7953,2024_2025_1285129
149,38190,10:36:30,49.900294,20.099153,50.063869444093704,19.947676657612,28446351_7953,2024_2025_1285129
150,38220,10:37:00,49.90383,20.098091,50.06296439291245,19.9477112891344,28446351_7953,2024_2025_1285129
151,38250,10:37:30,49.9070765,20.097830000000002,50.06205934173119,19.9477459206568,28446351_7953,2024_2025_1285129
152,38280,10:38:00,49.910323,20.097569,50.06115429054993,19.9477805521792,28446351_7953,2024_2025_1285129
153,38310,10:38:30,49.912747499999995,20.094804,50.06024923936867,19.9478151837016,28446351_7953,2024_2025_1285129
154,38340,10:39:00,49.915172,20.092039,50.05934418818742,19.947849815224,28446351_7953,2024_2025_1285129
155,38370,10:39:30,49.9171295,20.088510499999998,50.058439137006154,19.9478844467464,28446351_7953,2024_2025_1285129
156,38400,10:40:00,49.919087,20.084982,50.0575340858249,19.9479190782688,28446351_7953,2024_2025_1285129
157,38430,10:40:30,49.920432,20.082633,50.05526021436867,19.9501475587016,28446351_7953,2024_2025_1285129
158,38460,10:41:00,49.921777,20.080284,50.05298634291245,19.9523760391344,28446351_7953,2024_2025_1285129
159,38490,10:41:30,49.924306,20.0763115,50.05071247145622,19.954604519567198,28446351_7953,2024_2025_1285129
160,38520,10:42:00,49.926835,20.072339,50.0484386,19.956833,28446351_7953,2024_2025_1285129
161,38550,10:42:30,49.929109749999995,20.069188,50.046516585714286,19.95943432857143,28446351_7953,2024_2025_1285129
162,38580,10:43:00,49.9313845,20.066037,50.04459457142857,19.962035657142856,28446351_7953,2024_2025_1285129
163,38610,10:43:30,49.933659250000005,20.062886,50.04267255714286,19.964636985714286,28446351_7953,2024_2025_1285129
164,38640,10:44:00,49.935934,20.059735,50.04075054285714,19.967238314285712,28446351_7953,2024_2025_1285129
165,38670,10:44:30,49.937786,20.058469000000002,50.03882852857143,19.969839642857142,28446351_7953,2024_2025_1285129
166,38700,10:45:00,49.939638,20.057203,50.03690651428571,19.97244097142857,28446351_7953,2024_2025_1285129
167,38730,10:45:30,49.942945,20.057579,50.0349845,19.9750423,28446351_7953,2024_2025_1285129
168,38760,10:46:00,49.946252,20.057955,50.03328834,19.9798196,28446351_7953,2024_2025_1285129
169,38790,10:46:30,49.9500775,20.056455,50.03159218,19.9845969,28446351_7953,2024_2025_1285129
170,38820,10:47:00,49.953903,20.054955,50.02989602,19.9893742,28446351_7953,2024_2025_1285129
171,38850,10:47:30,49.956588499999995,20.054457,50.02819986,19.9941515,28446351_7953,2024_2025_1285129
172,38880,10:48:00,49.959274,20.053959,50.0265037,19.9989288,28446351_7953,2024_2025_1285129
173,38910,10:48:30,49.9631665,20.056221,50.02562338333333,20.0040537,28446351_7953,2024_2025_1285129
174,38940,10:49:00,49.967059,20.058483,50.024743066666666,20.009178600000002,28446351_7953,2024_2025_1285129
175,38970,10:49:30,49.9682325,20.0591375,50.02386275,20.0143035,28446351_7953,2024_2025_1285129
176,39000,10:50:00,49.969406,20.059792,50.02298243333333,20.0194284,28446351_7953,2024_2025_1285129
177,39030,10:50:30,49.9705795,20.0604465,50.022102116666666,20.0245533,28446351_7953,2024_2025_1285129
178,39060,10:51:00,49.971753,20.061101,50.0212218,20.0296782,28446351_7953,2024_2025_1285129
179,39090,10:51:30,49.97417575,20.06287225,50.01916267037037,20.030736533333332,28446351_7953,2024_2025_1285129
180,39120,10:52:00,49.9765985,20.064643500000003,50.01710354074074,20.031794866666665,28446351_7953,2024_2025_1285129
181,39150,10:52:30,49.97902125,20.06641475,50.01504441111111,20.0328532,28446351_7953,2024_2025_1285129
182,39180,10:53:00,49.981444,20.068186,50.012985281481484,20.033911533333335,28446351_7953,2024_2025_1285129
183,39210,10:53:30,49.98212275,20.067334000000002,50.010926151851855,20.034969866666668,28446351_7953,2024_2025_1285129
184,39240,10:54:00,49.9828015,20.066482,50.008807833333336,20.035528144444445,28446351_7953,2024_2025_1285129
185,39270,10:54:30,49.98348025,20.06563,50.00665005555555,20.035753051851852,28446351_7953,2024_2025_1285129
186,39300,10:55:00,49.984159,20.064778,50.00449227777778,20.03597795925926,28446351_7953,2024_2025_1285129
187,39330,10:55:30,49.98436066666667,20.063397666666667,50.002334499999996,20.036202866666667,28446351_7953,2024_2025_1285129
188,39360,10:56:00,49.98456233333333,20.062017333333333,50.00017672222222,20.036427774074074,28446351_7953,2024_2025_1285129
189,39390,10:56:30,49.984764,20.060637,49.99811631428571,20.0370663,28446351_7953,2024_2025_1285129
190,39420,10:57:00,49.98496566666667,20.059256666666666,49.99644538571428,20.0393593,28446351_7953,2024_2025_1285129
191,39450,10:57:30,49.98516733333333,20.057876333333333,49.99477445714285,20.041652300000003,28446351_7953,2024_2025_1285129
192,39480,10:58:00,49.985369,20.056496,49.993103528571424,20.0439453,28446351_7953,2024_2025_1285129
193,39510,10:58:30,49.985369,20.056496,49.991432599999996,20.0462383,28446351_7953,2024_2025_1285129
194,39540,10:59:00,49.985369,20.056496,49.989761671428575,20.0485313,28446351_7953,2024_2025_1285129
195,39570,10:59:30,49.985369,20.056496,49.98852541666667,20.05064725,28446351_7953,2024_2025_1285129
196,39600,11:00:00,49.985369,20.056496,49.987578944444444,20.052645166666668,28446351_7953,2024_2025_1285129
197,39630,11:00:30,49.985369,20.056496,49.986632472222226,20.054643083333332,28446351_7953,2024_2025_1285129
198,39660,11:01:00,49.985369,20.056496,49.985686,20.056641,28446351_7953,2024_2025_1285129
199,39690,11:01:30,49.985369,20.056496,49.985686,20.056641,28446351_7953,2024_2025_1285129
200,39720,11:02:00,49.985369,20.056496,49.985686,20.056641,28446351_7953,2024_2025_1285129
201,39750,11:02:30,49.985369,20.056496,49.985686,20.056641,28446351_7953,2024_2025_1285129
202,39780,11:03:00,49.985369,20.056496,49.985686,20.056641,28446351_7953,2024_2025_1285129
203,39810,11:03:30,49.985369,20.056496,49.985686,20.056641,28446351_7953,2024_2025_1285129
204,39840,11:04:00,49.985369,20.056496,49.985686,20.056641,28446351_7953,2024_2025_1285129
205,39870,11:04:30,49.985369,20.056496,49.985686,20.056641,28446351_7953,2024_2025_1285129
206,39900,11:05:00,49.985369,20.056496,49.985686,20.056641,28446351_7953,2024_2025_1285129
207,39930,11:05:30,49.985369,20.056496,49.985686,20.056641,28446351_7953,2024_2025_1285129
208,39960,11:06:00,49.985369,20.056496,49.985686,20.056641,28446351_7953,2024_2025_1285129
209,39990,11:06:30,49.985369,20.056496,49.985686,20.056641,28446351_7953,2024_2025_1285129
210,40020,11:07:00,49.985369,20.056496,49.985686,20.056641,28446351_7953,2024_2025_1285129
211,40050,11:07:30,49.985369,20.056496,49.985686,20.056641,28446351_7953,2024_2025_1285129
212,40080,11:08:00,49.985369,20.056496,49.985686,20.056641,28446351_7953,2024_2025_1285129
213,40110,11:08:30,49.985369,20.056496,49.985686,20.056641,28446351_7953,2024_2025_1285129
214,40140,11:09:00,49.985369,20.056496,49.985686,20.056641,28446351_7953,2024_2025_1285129
215,40170,11:09:30,49.985369,20.056496,49.985686,20.056641,28446351_7953,2024_2025_1285129
216,40200,11:10:00,49.985369,20.056496,49.985686,20.056641,28446351_7953,2024_2025_1285129
217,40230,11:10:30,49.985369,20.056496,49.985686,20.056641,28446351_7953,2024_2025_1285129
218,40260,11:11:00,49.985369,20.056496,49.985686,20.056641,28446351_7953,2024_2025_813171
219,40290,11:11:30,49.985369,20.056496,49.986996500000004,20.053874653846155,28446351_7953,2024_2025_813171
220,40320,11:12:00,49.985369,20.056496,49.988307,20.051108307692306,28446351_7953,2024_2025_813171
221,40350,11:12:30,49.985369,20.056496,49.98987306666667,20.048378433333333,28446351_7953,2024_2025_813171
222,40380,11:13:00,49.985369,20.056496,49.99182248333333,20.045703266666667,28446351_7953,2024_2025_813171
223,40410,11:13:30,49.985369,20.056496,49.9937719,20.0430281,28446351_7953,2024_2025_813171
224,40440,11:14:00,49.985369,20.056496,49.99572131666667,20.040352933333335,28446351_7953,2024_2025_813171
225,40470,11:14:30,49.985369,20.056496,49.99767073333333,20.03767776666667,28446351_7953,2024_2025_813171
226,40500,11:15:00,49.985369,20.056496,49.99984874,20.03646196,28446351_7953,2024_2025_813171
227,40530,11:15:30,49.985369,20.056496,50.002179139999996,20.03621906,28446351_7953,2024_2025_813171
228,40560,11:16:00,49.985369,20.056496,50.00450954,20.03597616,28446351_7953,2024_2025_813171
229,40590,11:16:30,49.985369,20.056496,50.00683994,20.03573326,28446351_7953,2024_2025_813171
230,40620,11:17:00,49.985369,20.056496,50.009170340000004,20.03549036,28446351_7953,2024_2025_813171
231,40650,11:17:30,49.985369,20.056496,50.01129385357143,20.03478087857143,28446351_7953,2024_2025_813171
232,40680,11:18:00,49.985369,20.056496,50.01327944285715,20.033760342857143,28446351_7953,2024_2025_813171
233,40710,11:18:30,49.985369,20.056496,50.01526503214286,20.032739807142857,28446351_7953,2024_2025_813171
234,40740,11:19:00,49.985369,20.056496,50.01725062142857,20.03171927142857,28446351_7953,2024_2025_813171
235,40770,11:19:30,49.985369,20.056496,50.01923621071428,20.030698735714285,28446351_7953,2024_2025_813171
236,40800,11:20:00,49.985369,20.056496,50.0212218,20.0296782,28446351_7953,2024_2025_813171
237,40830,11:20:30,49.985369,20.056496,50.02219992962963,20.023983866666665,28446351_7953,2024_2025_813171
238,40860,11:21:00,49.985369,20.056496,50.02317805925926,20.018289533333334,28446351_7953,2024_2025_813171
239,40890,11:21:30,49.985369,20.056496,50.02415618888889,20.0125952,28446351_7953,2024_2025_813171
240,40920,11:22:00,49.985369,20.056496,50.02513431851852,20.00690086666667,28446351_7953,2024_2025_813171
241,40950,11:22:30,49.985369,20.056496,50.02611244814815,20.001206533333335,28446351_7953,2024_2025_813171
242,40980,11:23:00,49.985369,20.056496,50.02741235714286,19.996369532142857,28446351_7953,2024_2025_813171
243,41010,11:23:30,49.985369,20.056496,50.02892678571428,19.992104085714285,28446351_7953,2024_2025_813171
244,41040,11:24:00,49.985369,20.056496,50.030441214285716,19.987838639285716,28446351_7953,2024_2025_813171
245,41070,11:24:30,49.985369,20.056496,50.03195564285714,19.983573192857143,28446351_7953,2024_2025_813171
246,41100,11:25:00,49.985369,20.056496,50.033470071428574,19.97930774642857,28446351_7953,2024_2025_813171
247,41130,11:25:30,49.985369,20.056496,50.0349845,19.9750423,28446351_7953,2024_2025_813171
248,41160,11:26:00,49.985369,20.056496,50.03730417241379,19.97190276551724,28446351_7953,2024_2025_813171
249,41190,11:26:30,49.985369,20.056496,50.03962384482759,19.968763231034483,28446351_7953,2024_2025_813171
250,41220,11:27:00,49.985369,20.056496,50.04194351724138,19.965623696551724,28446351_7953,2024_2025_813171
251,41250,11:27:30,49.985369,20.056496,50.04426318965517,19.962484162068964,28446351_7953,2024_2025_813171
252,41280,11:28:00,49.985369,20.056496,50.046582862068966,19.959344627586205,28446351_7953,2024_2025_813171
253,41310,11:28:30,49.985369,20.056496,50.04889337429124,19.956387303913438,28446351_7953,2024_2025_813171
254,41340,11:29:00,49.985369,20.056496,50.051167245747465,19.95415882348064,28446351_7953,2024_2025_813171
255,41370,11:29:30,49.985369,20.056496,50.05344111720369,19.95193034304784,28446351_7953,2024_2025_813171
256,41400,11:30:00,49.985369,20.056496,50.055714988659915,19.94970186261504,28446351_7953,2024_2025_813171
257,41430,11:30:30,49.985369,20.056496,50.05795180175471,19.94790309448923,28446351_7953,2024_2025_813171
258,41460,11:31:00,49.985369,20.056496,50.060040381403766,19.947823175591385,28446351_7953,2024_2025_813171
259,41490,11:31:30,49.985369,20.056496,50.06212896105283,19.94774325669354,28446351_7953,2024_2025_813171
260,41520,11:32:00,49.985369,20.056496,50.06421754070188,19.947663337795692,28446351_7953,2024_2025_813171
261,41550,11:32:30,49.985369,20.056496,50.066306120350944,19.947583418897846,28446351_7953,2024_2025_813171
262,41580,11:33:00,49.985369,20.056496,50.0683947,19.9475035,28446351_7953,2024_2025_813171
263,41610,11:33:30,49.985369,20.056496,50.06929546666667,19.94548654,28446351_7953,2024_2025_813171
264,41640,11:34:00,49.985369,20.056496,50.070196233333334,19.94346958,28446351_7953,2024_2025_813171
265,41670,11:34:30,49.985369,20.056496,50.071097,19.94145262,28446351_7953,2024_2025_813171
266,41700,11:35:00,49.985369,20.056496,50.07199776666666,19.93943566,28446351_7953,2024_2025_813171
267,41730,11:35:30,49.985369,20.056496,50.07289853333333,19.9374187,28446351_7953,2024_2025_813171
268,41760,11:36:00,49.985369,20.056496,50.0737993,19.93540174,28446351_7953,2024_2025_813171
269,41790,11:36:30,49.985369,20.056496,50.074700066666665,19.93338478,28446351_7953,2024_2025_813171
270,41820,11:37:00,49.985369,20.056496,50.07560083333333,19.93136782,28446351_7953,2024_2025_813171
271,41850,11:37:30,49.985369,20.056496,50.0765016,19.92935086,28446351_7953,2024_2025_813171
272,41880,11:38:00,49.985369,20.056496,50.07740236666667,19.9273339,28446351_7953,2024_2025_813171
273,41910,11:38:30,49.985369,20.056496,50.078303133333335,19.92531694,28446351_7953,2024_2025_813171
274,41940,11:39:00,49.985369,20.056496,50.079203899999996,19.92329998,28446351_7953,2024_2025_813171
275,41970,11:39:30,49.985369,20.056496,50.080104666666664,19.92128302,28446351_7953,2024_2025_813171
276,42000,11:40:00,49.985369,20.056496,50.08100543333333,19.919266059999998,28446351_7953,2024_2025_813171
277,42030,11:40:30,49.985369,20.056496,50.0819062,19.9172491,28446351_7953,2024_2025_813171
278,42060,11:41:00,49.985369,20.056496,50.0820574,19.913025599999997,28446351_7953,2024_2025_813171
279,42090,11:41:30,49.985369,20.056496,50.0822086,19.9088021,28446351_7953,2024_2025_813171
280,42120,11:42:00,49.985369,20.056496,50.0823598,19.9045786,28446351_7953,2024_2025_813171
281,42150,11:42:30,49.985369,20.056496,50.082511,19.9003551,28446351_7953,2024_2025_813171
282,42180,11:43:00,49.985369,20.056496,50.0826622,19.896131599999997,28446351_7953,2024_2025_813171
283,42210,11:43:30,49.985369,20.056496,50.0828134,19.8919081,28446351_7953,2024_2025_813171
284,42240,11:44:00,49.985369,20.056496,50.082646932258065,19.886523229032257,28446351_7953,2024_2025_813171
285,42270,11:44:30,49.985369,20.056496,50.08248046451613,19.881138358064515,28446351_7953,2024_2025_813171
286,42300,11:45:00,49.985369,20.056496,50.0823139967742,19.875753487096773,28446351_7953,2024_2025_813171
287,42330,11:45:30,49.985369,20.056496,50.08214752903226,19.87036861612903,28446351_7953,2024_2025_813171
288,42360,11:46:00,49.985369,20.056496,50.08198106129033,19.86498374516129,28446351_7953,2024_2025_813171
289,42390,11:46:30,49.985369,20.056496,50.08181459354839,19.859598874193548,28446351_7953,2024_2025_813171
290,42420,11:47:00,49.985369,20.056496,50.08124522,19.856103526666665,28446351_7953,2024_2025_813171
291,42450,11:47:30,49.985369,20.056496,50.08057512,19.85308056,28446351_7953,2024_2025_813171
292,42480,11:48:00,49.985369,20.056496,50.07990502,19.850057593333332,28446351_7953,2024_2025_813171
293,42510,11:48:30,49.985369,20.056496,50.079239928,19.845615736,28446351_7953,2024_2025_813171
294,42540,11:49:00,49.985369,20.056496,50.078576088,19.840819156000002,28446351_7953,2024_2025_813171
295,42570,11:49:30,49.985369,20.056496,50.077912248000004,19.836022576,28446351_7953,2024_2025_813171
296,42600,11:50:00,49.985369,20.056496,50.077248408,19.831225996,28446351_7953,2024_2025_813171
297,42630,11:50:30,49.985369,20.056496,50.076584568,19.826429416,28446351_7953,2024_2025_813171
298,42660,11:51:00,49.985369,20.056496,50.0764518,19.8254701,28446351_7953,2024_2025_813171
